{
    "openai_sim_sakana_ai_scientist": [
        0.6866116964498411,
        0.7338135304695295,
        0.639754734322896,
        0.6214896021118074,
        0.6988853865393349,
        0.5012074682899367,
        0.6256689653564755,
        0.6707681476493988,
        0.6691956990969945,
        0.5739456312493209,
        0.5643226438915098,
        0.5216175571836199,
        0.5667507653577113,
        0.6814400451268494,
        0.5471673875463234,
        0.526882097164048,
        0.6593304441616538,
        0.6040971852737564,
        0.7599998766191971,
        0.6447747507434026,
        0.6661854952154203,
        0.709538369643196,
        0.5809880004927259,
        0.6187716963923738,
        0.7000355477308601,
        0.6316000795833745,
        0.647927228173395,
        0.5210808274587632,
        0.7279540388249329,
        0.5931893956796669,
        0.655745979069311,
        0.6615892401582761,
        0.7507375356672424,
        0.6373987024710213,
        0.6025282632328828,
        0.7574052131509225,
        0.714211316265408,
        0.5584937424706554,
        0.5599961950900415,
        0.63661724864719,
        0.7167967920627262,
        0.5668653590645951,
        0.6799789545809305,
        0.6935177277317951,
        0.6058125808199996,
        0.5253500796107937,
        0.6878230996971245,
        0.6044125128082161,
        0.5525673899205381,
        0.6698858405527328,
        0.5876955525638721,
        0.5802415066025189,
        0.6241807143833696,
        0.6328383296881911,
        0.6951231437608184,
        0.5343700549430994,
        0.6610824632285948,
        0.6001373115199582,
        0.6012483314304894,
        0.7342019093258293,
        0.6035864363699857,
        0.6729897241213452,
        0.663629718280754,
        0.6446690133626645,
        0.5792053464067641,
        0.6921573706355381,
        0.56924599953879,
        0.6407775337608245,
        0.6658134772993571,
        0.6068855086611376
    ],
    "openai_sim_research_town": [
        0.7015562616073863,
        0.7391914290848188,
        0.6793164849955634,
        0.7545583207699319,
        0.7288688799428379,
        0.615767784852064,
        0.7382215143787285,
        0.6190513986273072,
        0.6701986300523533,
        0.6535232933406457,
        0.6300199589653174,
        0.601604310263787,
        0.5334606587048922,
        0.7168278246884583,
        0.5741749112968279,
        0.7307126092349129,
        0.7419830752945877,
        0.5894944372118729,
        0.760859413805823,
        0.5978725889209047,
        0.4814630238945116,
        0.6242361757395045,
        0.7507817989055082,
        0.5740394622010805,
        0.7762022732622095,
        0.7353836238827243,
        0.677660565694705,
        0.6565374057100299,
        0.6600286837635224,
        0.7541450022339309,
        0.6482737740103064,
        0.634621305598779,
        0.7512410276381967,
        0.7100480281706669,
        0.608348095094696,
        0.7503350930206056,
        0.7745885785066691,
        0.7090510991753574,
        0.6332140823078656,
        0.7423963308552711,
        0.7438344797344549,
        0.6713575653772197,
        0.7394126987512931,
        0.7378279746853252,
        0.7155517844131636,
        0.5746818957497493,
        0.7082922336782841,
        0.5993035574142692,
        0.5606532897848473,
        0.6356057477371828,
        0.6563616405832422,
        0.7481036124875609,
        0.6013409489033172,
        0.745614042616537,
        0.6106439702183148,
        0.5722325437984367,
        0.6243916090218435,
        0.5580538212406311,
        0.5669708480364284,
        0.565077895323386,
        0.7454027790710328,
        0.6754435977277948,
        0.6762453718158585,
        0.634063221788125,
        0.5933797532581231,
        0.6602931444913023,
        0.6424986846345971,
        0.5213967010194154,
        0.8162262527690796,
        0.6537043500543177
    ]
}