{
    "openai_sims_c": [
        0.8776425034898624,
        0.7444281088547688,
        0.8287439689613484,
        0.8157929560538731,
        0.7888115594189287,
        0.6580121577926902,
        0.8190728920930375,
        0.8529309161493023,
        0.7622360836796949,
        0.7012059334055405,
        0.8433455185135865,
        0.8004319482190116,
        0.8183073704474905,
        0.7410267533925965,
        0.7536644368575326,
        0.8201143436556605,
        0.7749812527127116,
        0.8098511134752696,
        0.8486641271215237,
        0.8491919879564084,
        0.7835909371165003,
        0.7408983959147375,
        0.6023346331875167,
        0.7659148183638604,
        0.7298424945959712,
        0.7932515010430793,
        0.7564351381424186,
        0.8782532996588889,
        0.7604786625369565,
        0.8145077879146962,
        0.8645304865537756,
        0.8522573360490463,
        0.6663178019065287,
        0.8801532777517993,
        0.8060572266156623,
        0.7874462919656915,
        0.8166515632852241,
        0.8870735533451443,
        0.8127099755134687,
        0.8288563746901451,
        0.8249730873801235,
        0.7248879943151512,
        0.8256568368309772,
        0.8652309808729073,
        0.778122789222108,
        0.7098315310637446,
        0.829123379580008,
        0.766504181772963,
        0.8755373519996288,
        0.8311976451382639,
        0.8692009880717408,
        0.7178659129091969,
        0.7545321132978405,
        0.7466031214168941,
        0.7828857916317801,
        0.7461389069786951,
        0.8179152526384532,
        0.8160274658599119,
        0.8071708313746614,
        0.8453004191542753,
        0.8264212635494307,
        0.8797894374862952,
        0.7517649012378919,
        0.8199941044762245,
        0.8142210429183797,
        0.8504282241371279,
        0.687590813303904,
        0.6480822849896403,
        0.7897815203869236,
        0.7942552709959821
    ],
    "voyageai_sims_c": [
        0.8987603182800709,
        0.7523465783449006,
        0.8160659664285681,
        0.7987567931224488,
        0.8246256819171388,
        0.6091519418305439,
        0.8467126331143391,
        0.8413409919515451,
        0.723064225917062,
        0.7021920627119769,
        0.8488218326688732,
        0.8075526583192454,
        0.8258443469030861,
        0.6967515505155046,
        0.6958028381153516,
        0.8240987319941941,
        0.7668960121919575,
        0.781124961244783,
        0.8114432401291787,
        0.8723949572064845,
        0.7403431246332027,
        0.7489442963683605,
        0.5154471668229834,
        0.7553919712204997,
        0.6719346288756384,
        0.7962408695529009,
        0.7376961949221144,
        0.8696881251517367,
        0.6841442975683882,
        0.8168889651169743,
        0.8713233848568197,
        0.8545681780301879,
        0.6084634141475906,
        0.899103169939202,
        0.7661709725898337,
        0.7517309810285345,
        0.8496059944217577,
        0.8985259306015116,
        0.7976366739686406,
        0.795899055945513,
        0.7823379228471746,
        0.6481086810565492,
        0.7654807062345029,
        0.839916906764692,
        0.7720398596170286,
        0.6434083544906346,
        0.8177436694232506,
        0.7328419416901488,
        0.8656645939584621,
        0.8212762080176154,
        0.8563782412561849,
        0.7119197800371861,
        0.6458990090946471,
        0.708958342725563,
        0.7648097467133491,
        0.7027104731660435,
        0.7882919227960188,
        0.7829461351575112,
        0.7774400613878492,
        0.8302832033242129,
        0.8416081086941043,
        0.8480905545590718,
        0.6963256876018633,
        0.8425865135449094,
        0.7874823008522644,
        0.8863187952677166,
        0.6579036519672349,
        0.6263804645670297,
        0.8187985950404307,
        0.8340199740994014
    ]
}
