{
    "overall": {
        "bleu": 0.0,
        "rouge_l": 0.0,
        "bert_score": -4.925074577331543,
        "gpt_metric_score": 0.8000000000000068
    },
    "per_question": {
        "bleu": {
            "q1": 0.0,
            "q2": 0.0,
            "q3": 0.0,
            "q4": 0.0,
            "q5": 0.0
        },
        "rouge_l": {
            "q1": 0.0,
            "q2": 0.0,
            "q3": 0.0,
            "q4": 0.0,
            "q5": 0.0
        },
        "bert_score": {
            "q1": -4.925074577331543,
            "q2": -4.925074577331543,
            "q3": -4.925074577331543,
            "q4": -4.925074577331543,
            "q5": -4.925074577331543
        },
        "gpt_metric_score": {
            "q1": 0.7999999999999985,
            "q2": 0.7999999999999985,
            "q3": 0.7999999999999985,
            "q4": 0.7999999999999985,
            "q5": 0.7999999999999985
        }
    }
}